{"run_id": "4a9a6816c5e94fbeae74c655ce8800fa", "features_selected": ["user_uuid", "course_uuid", "particion", "ass_name_label_SEGUNDO_PARCIAL_20_", "ass_name_label_API1_", "ass_name_label_API2_", "ass_name_label_API3_", "ass_name_label_API4_", "ass_name_label_TP1_", "ass_name_label_TP2_", "submission_type_nombre_examen"], "features_scores": [0.1606380482670522, 0.06888148004287054, 0.0487601164741589, 0.08508818777720428, 0.06819209746280652, 0.06666755557134074, 0.0467407103687183, 0.07492679328975083, 0.05944554108312339, 0.06968733830965057, 0.06120176479864714], "score_func_name": "mutual_info_regression", "train_score": 0.09613079486861009, "test_score": 0.08080596470884482, "features_coef": [0.04236823085901396, 0.28499773302675757, -3.8596286784346137, 1.8534380890535869, 1.9183134884499105, 1.3911249182413619, 1.6335426054173006, 1.5972210041058836, 2.055289550648556, 1.5621990329026694, -2.505986936343694]}