{"run_id": "68259ec1c83145008257de158f7623e2", "features_selected": ["user_uuid", "course_uuid", "particion", "activity_unlock_delta", "ass_name_label_PRIMER_PARCIAL_20_", "ass_name_label_SEGUNDO_PARCIAL_20_", "ass_name_label_API1_", "ass_name_label_API2_", "ass_name_label_API3_", "ass_name_label_API4_", "ass_name_label_TP1_", "ass_name_label_TP2_", "submission_type_nombre_examen"], "features_scores": [0.16062015599151103, 0.07772367803559899, 0.03784439397695216, 0.036660785563259246, 0.0512831350397116, 0.04661235577814704, 0.04421818533123112, 0.09520581024122254, 0.07093408525354761, 0.05001673197454526, 0.052674273223711765, 0.05550666573312846, 0.078036627268391], "score_func_name": "mutual_info_regression", "train_score": 0.0997293619810854, "test_score": 0.09192120666065318, "features_coef": [0.01048450781745156, 0.2954599645115407, -4.016635021327971, -0.02272651401765091, 1.068752025572004, 1.723752465006003, 1.7466841169973477, 1.1937363167276147, 1.560835081187456, 1.6731167773470152, 2.0409232107602393, 1.5448454652323294, -2.5260642606932384]}