{"run_id": "c9c513acaa0f4835a0d7f52e38f82ca1", "features_selected": ["user_uuid", "course_uuid", "particion", "activity_unlock_delta", "ass_name_label_PRIMER_PARCIAL_20_", "ass_name_label_SEGUNDO_PARCIAL_20_", "ass_name_label_API1_", "ass_name_label_API2_", "ass_name_label_API3_", "ass_name_label_API4_", "ass_name_label_Evaluaci\u00f3n_diagn\u00f3stica_", "ass_name_label_TP1_", "ass_name_label_TP2_", "ass_name_label_TP3_", "submission_type_nombre_examen", "submission_type_online_quiz"], "features_scores": [0.15493747458037888, 0.08237281697857401, 0.04809812374684874, 0.03571841303077772, 0.05133386896301939, 0.08334033131664231, 0.05470533668240751, 0.088405842273934, 0.05918533949939242, 0.043690768350254316, 0.03117836786923922, 0.039740274564713296, 0.07477869588436814, 0.036398377160757, 0.060295008776431125, 0.034574291499489096], "score_func_name": "mutual_info_regression", "train_score": 0.11967405910585072, "test_score": 0.1183679595253686, "features_coef": [0.0, 0.2322072275733961, -3.591733958345885, -0.09839849481416812, 1.337231711572225, 1.818486522858007, 2.0287930542126738, 1.5077912207649777, 1.8344424174613005, 2.118441652316795, 0.704399763540394, 2.221525817799497, 1.5949194507803919, 2.1390825304609637, -2.970325263622704, -1.6813683860589665]}