{"run_id": "89f6ed81111d4e8ca39afe7d9245c5d6", "features_selected": ["user_uuid", "course_uuid", "particion", "activity_unlock_delta", "ass_name_label_PRIMER_PARCIAL_20_", "ass_name_label_SEGUNDO_PARCIAL_20_", "ass_name_label_API1_", "ass_name_label_API2_", "ass_name_label_API3_", "ass_name_label_API4_", "ass_name_label_TA1_", "ass_name_label_TP1_", "ass_name_label_TP2_", "ass_name_label_TP3_", "ass_name_label_TP4_", "submission_type_external_tool", "submission_type_nombre_examen", "submission_type_online_quiz", "submission_type_online_text_entry"], "features_scores": [0.15898118869959443, 0.07322514891564591, 0.04178889442775713, 0.027517246319233024, 0.04851404442554763, 0.06987662920015048, 0.07780409913067743, 0.06410457657236623, 0.05757675892337133, 0.04403523382839403, 0.020004766017500675, 0.040403767010736225, 0.05735254841345938, 0.03612107361095962, 0.050947313939301964, 0.035712613400697535, 0.07118273495752492, 0.022159835661653915, 0.014105349441260628], "score_func_name": "mutual_info_regression", "train_score": 0.13782584897803418, "test_score": 0.15742807273354142, "features_coef": [-0.0, 0.1457139876903279, -3.7532083260890245, -0.4775327545475712, 1.6429702254748535, 1.815885055912769, 2.3631044420725043, 1.7937397190767066, 2.2596837900394227, 2.536133179112732, 1.2337584221729596, 2.5825701580499807, 1.9325594184236308, 2.14652023401294, 1.7650250528894251, -0.9689849428174219, -2.8541061309509903, -2.446858045752815, 0.5971516159463985]}