{"run_id": "0b80ae9eb9ab412f888053ba05357db0", "features_selected": ["user_uuid", "course_uuid", "particion", "activity_unlock_delta", "ass_name_label_INTEGRADOR_30_", "ass_name_label_PRIMER_PARCIAL_20_", "ass_name_label_RECUPERATORIO_PRIMER_PARCIAL_20_", "ass_name_label_SEGUNDO_PARCIAL_20_", "ass_name_label_API1_", "ass_name_label_API2_", "ass_name_label_API3_", "ass_name_label_API4_", "ass_name_label_M1_", "ass_name_label_M2_", "ass_name_label_M4_", "ass_name_label_TA1_", "ass_name_label_TA3_", "ass_name_label_TP1_", "ass_name_label_TP2_", "ass_name_label_TP3_", "ass_name_label_TP4_", "ass_name_label_Trabajo_Pr\u00e1ctico_1_parte_2_", "submission_type_discussion_topic", "submission_type_external_tool", "submission_type_nombre_examen", "submission_type_online_text_entry"], "features_scores": [0.15919377109035704, 0.0647086308718583, 0.041401152981552336, 0.043703213257850315, 0.0022441546984497407, 0.06625734201151712, 0.008713425786885498, 0.07352988355625723, 0.06602019868615194, 0.07710418201577074, 0.05163886012981855, 0.04735468201105597, 0.01876815089383088, 0.010011076660284779, 0.02222593002359341, 0.01598952292360778, 0.01010196885665371, 0.06576800644408021, 0.08259104414150542, 0.0394842448981354, 0.021629540701908923, 0.013105726221636083, 0.032921234875395555, 0.03981198910715422, 0.06971088193966857, 0.008426742311031798], "score_func_name": "mutual_info_regression", "train_score": 0.13741106629627386, "test_score": 0.1423475677184849, "features_coef": [-0.0, 0.40559020343534463, -5.363678264093704, -0.43629467657592597, 0.7319820445194519, 1.4793464303016364, 0.8025024455866786, 1.696068424282128, 2.1157750837566414, 1.6227361360222925, 2.1584365199542597, 2.327681429709151, 0.6541656813733622, 0.03400716781362, 0.06410374684503829, 0.6112119955595857, 0.5350342668965843, 2.2407259722429345, 1.8132959208239179, 1.9786437201981983, 1.512661771162345, 0.2521005777954716, -0.34095064870922775, -1.007628977171572, -2.354336848964172, 0.5300505711427788]}