{"run_id": "df5c9401fc3f4a0ab761cf41f36b59ee", "features_selected": ["user_uuid", "course_uuid", "submission_type_nombre_examen"], "features_scores": [0.1619119979963406, 0.07915358012227891, 0.07413081466311233], "score_func_name": "mutual_info_regression", "train_score": 0.024438729934282533, "test_score": 0.03226087221997842, "features_coef": [0.09578592603822737, 0.0, -2.5810255603363728]}