{"run_id": "32b0dfbc62664254bcff800523bb9a84", "features_selected": ["user_uuid", "course_uuid", "particion", "activity_unlock_delta", "ass_name_label_INTEGRADOR_30_", "ass_name_label_PRIMER_PARCIAL_20_", "ass_name_label_RECUPERATORIO_PRIMER_PARCIAL_20_", "ass_name_label_RECUPERATORIO_SEGUNDO_PARCIAL_20_", "ass_name_label_SEGUNDO_PARCIAL_20_", "ass_name_label_API1_", "ass_name_label_API2_", "ass_name_label_API3_", "ass_name_label_API4_", "ass_name_label_Evaluaci\u00f3n_diagn\u00f3stica_", "ass_name_label_M1_", "ass_name_label_M2_", "ass_name_label_M3_", "ass_name_label_M4_", "ass_name_label_OTHER_", "ass_name_label_TA1_", "ass_name_label_TA2_", "ass_name_label_TA3_", "ass_name_label_TP1_", "ass_name_label_TP2_", "ass_name_label_TP3_", "ass_name_label_TP4_", "ass_name_label_Trabajo_Pr\u00e1ctico_1_parte_2_", "submission_type_basic_lti_launch", "submission_type_discussion_topic", "submission_type_external_tool", "submission_type_media_recording", "submission_type_nombre_examen", "submission_type_online_quiz", "submission_type_online_text_entry", "submission_type_online_upload"], "features_scores": [0.15676073270226976, 0.08815662739443386, 0.03312731334295016, 0.03541584444734536, 0.03247155426160342, 0.0658063814387333, 0.012879053731064793, 0.017146162633276507, 0.049481475880354786, 0.054391368086659675, 0.06765753588250867, 0.0596694243137188, 0.036606340312958174, 0.008198184221344551, 0.0, 0.0, 0.00501804894723934, 0.00787521882460318, 0.004715491509405201, 0.0, 0.0, 0.024757544483465566, 0.04552199318082728, 0.09684855350236976, 0.01688439753859594, 0.019935804430724957, 0.0, 0.009607101812623586, 0.0, 0.02501172534618723, 0.005822745145334096, 0.0546500266823311, 0.005514677738889251, 0.0, 0.0028845613770038803], "score_func_name": "mutual_info_regression", "train_score": 0.2079998445943576, "test_score": 0.19581957835845187, "features_coef": [-0.0, 0.050818343916092405, -2.6035619827497585, -0.08277284972406025, 1.490463430451507, 2.901972860817991, 1.5587673732778988, 0.658493779012085, 3.147736729735928, 3.788937826076585, 3.311071489442621, 3.7941337398238355, 4.345436782628934, 1.269824018764601, 0.5770115919715945, 0.4240398758149838, 0.6998007184562077, 0.09923785718422151, 0.6800400078381281, 0.7755936295776743, 1.3124258297964766, 0.760453905861856, 4.295745685279822, 3.7879827676549693, 3.725924157590597, 3.016270671397092, 0.39968793546291054, -3.8746642716511266, -0.34017487140636243, -4.846713913343068, 0.30567094242311943, -4.123546972759671, -10.270748419102857, 0.33122379853455963, -4.650988081502865]}