{"run_id": "2c986168385843378dff64f0eba44c42", "features_selected": ["user_uuid", "course_uuid", "ass_name_label_PRIMER_PARCIAL_20_", "ass_name_label_SEGUNDO_PARCIAL_20_", "ass_name_label_API1_", "ass_name_label_API2_", "ass_name_label_API3_", "ass_name_label_API4_", "ass_name_label_TP1_", "ass_name_label_TP2_", "submission_type_basic_lti_launch", "submission_type_nombre_examen"], "features_scores": [0.15979410696030616, 0.06971505444087445, 0.06965029538957879, 0.07916310422724138, 0.07766930373382053, 0.06636331407057572, 0.06470736541373157, 0.06422753333205033, 0.04858980496193421, 0.03966572291842407, 0.04257650190243867, 0.05251370555624879], "score_func_name": "mutual_info_regression", "train_score": 0.07224628680599143, "test_score": 0.013664302015673813, "features_coef": [0.15270890946208276, -0.0, 0.7814122035948213, 1.1665256730885307, 0.8747911777006571, 1.0367323180379788, 0.9706728836903459, 1.232088364144185, 1.2331830498198566, 1.0842737381574346, 0.0, -4.020561110110543]}