{"run_id": "0778b17c44b64798901ee24b74e8094b", "features_selected": ["user_uuid", "course_uuid", "particion", "activity_unlock_delta", "ass_name_label_PRIMER_PARCIAL_20_", "ass_name_label_SEGUNDO_PARCIAL_20_", "ass_name_label_API1_", "ass_name_label_API2_", "ass_name_label_API3_", "ass_name_label_API4_", "ass_name_label_TP1_", "ass_name_label_TP2_", "submission_type_nombre_examen", "submission_type_online_quiz"], "features_scores": [0.16283120703930454, 0.07167774787397452, 0.04761338094661305, 0.0409817550308853, 0.051694820059209334, 0.06916825184283759, 0.0653571771835404, 0.04802465995187255, 0.07192128909405149, 0.05644028245728627, 0.06875548071386728, 0.06656641598375668, 0.09315157322587186, 0.03315972204025286], "score_func_name": "mutual_info_regression", "train_score": 0.11019123629426397, "test_score": 0.043485112314200824, "features_coef": [0.15555936012378757, 0.0, -3.352159919673586, 0.05159022083630077, 1.3309631073716963, 1.8664659697608676, 1.6728949584887651, 1.5593161522752161, 1.5685138268273147, 1.918430806236063, 2.223420375961729, 1.8913809453234967, -3.0113675899944092, -1.216959811653583]}