{"run_id": "7edc6a067e7b4d11b6e05b16572d49e1", "features_selected": ["user_uuid", "course_uuid", "particion", "activity_unlock_delta", "ass_name_label_PRIMER_PARCIAL_20_", "ass_name_label_SEGUNDO_PARCIAL_20_", "ass_name_label_API1_", "ass_name_label_API2_", "ass_name_label_API3_", "ass_name_label_API4_", "ass_name_label_Evaluaci\u00f3n_diagn\u00f3stica_", "ass_name_label_TP1_", "ass_name_label_TP2_", "ass_name_label_TP3_", "ass_name_label_TP4_", "submission_type_basic_lti_launch", "submission_type_nombre_examen"], "features_scores": [0.15472545054300557, 0.07086235012342357, 0.04334418274397933, 0.04061944467578549, 0.07533349668098221, 0.0446827543860584, 0.03880076918039155, 0.08343583058260595, 0.06148130109147054, 0.04999015882651481, 0.025580741016804076, 0.03884644589209518, 0.08471633250100563, 0.05683211372397423, 0.033343520617589384, 0.020422965007239835, 0.08497516060347499], "score_func_name": "mutual_info_regression", "train_score": 0.12907786373516483, "test_score": 0.06395180817945945, "features_coef": [0.12357369664300995, 0.15270457268982562, -5.202156815153658, 0.16890509005542398, 1.430256335192432, 1.5090745002985846, 1.7230088578996896, 1.6844766689140882, 1.7283766055739385, 2.212910379937077, 0.8232474717303908, 2.1017176847402617, 1.6136110228830645, 1.653758721985829, 1.44266795776521, 0.0031280131555832015, -2.806974541204873]}