{"run_id": "e912d2166bb4404abc899f55913d961f", "features_selected": ["user_uuid", "course_uuid", "particion", "activity_unlock_delta", "ass_name_label_PRIMER_PARCIAL_20_", "ass_name_label_RECUPERATORIO_SEGUNDO_PARCIAL_20_", "ass_name_label_SEGUNDO_PARCIAL_20_", "ass_name_label_API1_", "ass_name_label_API2_", "ass_name_label_API3_", "ass_name_label_API4_", "ass_name_label_ED3_", "ass_name_label_ED4_", "ass_name_label_Evaluaci\u00f3n_diagn\u00f3stica_", "ass_name_label_M2_", "ass_name_label_M4_", "ass_name_label_TA1_", "ass_name_label_TP1_", "ass_name_label_TP2_", "ass_name_label_TP3_", "ass_name_label_TP4_", "ass_name_label_Trabajo_Pr\u00e1ctico_1_parte_2_", "submission_type_basic_lti_launch", "submission_type_external_tool", "submission_type_nombre_examen", "submission_type_online_quiz"], "features_scores": [0.17231827521152798, 0.0699303285344115, 0.026500504076317988, 0.03291353757355964, 0.046313307833013795, 0.004855197026754965, 0.05293201373440315, 0.08044096810495471, 0.07036227028649034, 0.0636433765632951, 0.07287761084245847, 0.005062035293871059, 0.011494434125637554, 0.03125177942450774, 0.009740055533631331, 0.007129040970887512, 0.019885454743591602, 0.0324826281281867, 0.0714898290642596, 0.039813841595956134, 0.022001934607558837, 0.00464710541173563, 0.00708238091857627, 0.028206435664653196, 0.08074836828664322, 0.018724438510912655], "score_func_name": "mutual_info_regression", "train_score": 0.196204492842058, "test_score": 0.10670396847154862, "features_coef": [0.0747086683773204, -0.0954214199361456, -4.017728039069553, -0.2913866042679565, 2.631251219002991, 0.49560082901310093, 2.466987751659334, 3.111067949894063, 2.8931435548511075, 3.031502814228983, 3.6844997762885847, 2.2013196470251812, 1.4166210217623312, 1.238128129399107, 0.551496255882614, 0.43231710148567515, 2.0344542369758387, 3.1663133271806365, 2.898573897406892, 3.076650741587292, 2.689245426624329, 0.38119709874913654, -1.746708726274574, -3.1355691176006473, -3.376472193590638, -4.798117394722946]}