{"run_id": "bf9c65d64fa34375bd0081285d433d69", "features_selected": ["user_uuid", "course_uuid", "particion", "activity_unlock_delta", "ass_name_label_INTEGRADOR_30_", "ass_name_label_PRIMER_PARCIAL_20_", "ass_name_label_RECUPERATORIO_PRIMER_PARCIAL_20_", "ass_name_label_SEGUNDO_PARCIAL_20_", "ass_name_label_API1_", "ass_name_label_API2_", "ass_name_label_API3_", "ass_name_label_API4_", "ass_name_label_Evaluaci\u00f3n_diagn\u00f3stica_", "ass_name_label_M2_", "ass_name_label_M3_", "ass_name_label_M4_", "ass_name_label_OTHER_", "ass_name_label_TA1_", "ass_name_label_TP1_", "ass_name_label_TP2_", "ass_name_label_TP3_", "ass_name_label_TP4_", "ass_name_label_Trabajo_Pr\u00e1ctico_1_parte_2_", "submission_type_basic_lti_launch", "submission_type_discussion_topic", "submission_type_external_tool", "submission_type_media_recording", "submission_type_nombre_examen", "submission_type_online_quiz"], "features_scores": [0.1618444993507584, 0.06147390068975689, 0.039864901621314175, 0.03726767772358919, 0.028566330551604402, 0.047139250861492066, 0.017285824743366707, 0.05872061823903696, 0.07956342176940812, 0.08714458084142152, 0.08372547106759232, 0.06607081245438362, 0.004507229836088644, 0.001175941183698459, 0.0026759170505106233, 0.005851372983584291, 0.02176232742884343, 0.019468768775049217, 0.047851998344554225, 0.0494871414887168, 0.02180018138005302, 0.01605478182825415, 0.025358170448582573, 0.027136093577742937, 0.001952042363170925, 0.02032222521060012, 0.0037383750403927607, 0.0665815607349356, 0.03155983491615766], "score_func_name": "mutual_info_regression", "train_score": 0.17220521656065646, "test_score": 0.0930474550657785, "features_coef": [0.057793556299331764, -0.01464869468258693, -3.7654375315120405, -0.2203975709367656, 0.8922546538130226, 2.1364275733805087, 0.8594914369288776, 2.1695367458832164, 2.6023949518257967, 2.5153920013620947, 2.663197206721867, 3.1926970364341245, 0.9914691090305526, 0.47491010558936597, 0.22217207364107766, 0.27379546870163524, 0.3945731146232086, 1.7320644161485759, 3.1094480031304466, 2.686637841435636, 2.5592436607618274, 2.1940257794370015, 0.20544987243031884, -1.3911885276564224, -0.654215648421567, -2.4641492975260086, 0.2149453547392563, -3.269129956924745, -3.8880258408555988]}