{
  "run_id": "4738fe28dc9544e38f9830a4200a53a4",
  "features_selected": [
    "user_uuid",
    "course_uuid",
    "particion",
    "activity_unlock_delta",
    "ass_name_label_PRIMER_PARCIAL_20_",
    "ass_name_label_RECUPERATORIO_PRIMER_PARCIAL_20_",
    "ass_name_label_SEGUNDO_PARCIAL_20_",
    "ass_name_label_API1_",
    "ass_name_label_API2_",
    "ass_name_label_API3_",
    "ass_name_label_API4_",
    "ass_name_label_ED4_",
    "ass_name_label_Evaluación_diagnóstica_",
    "ass_name_label_M1_",
    "ass_name_label_M2_",
    "ass_name_label_M3_",
    "ass_name_label_M4_",
    "ass_name_label_OTHER_",
    "ass_name_label_TA1_",
    "ass_name_label_TA2_",
    "ass_name_label_TA3_",
    "ass_name_label_TP1_",
    "ass_name_label_TP2_",
    "ass_name_label_TP3_",
    "ass_name_label_TP4_",
    "ass_name_label_Trabajo_Práctico_1_parte_2_",
    "submission_type_basic_lti_launch",
    "submission_type_discussion_topic",
    "submission_type_external_tool",
    "submission_type_media_recording",
    "submission_type_nombre_examen",
    "submission_type_online_quiz",
    "submission_type_online_text_entry",
    "submission_type_online_upload"
  ],
  "features_scores": [
    0.16101371187029123,
    0.037537413730377445,
    0.035716542986910405,
    0.03267489390153511,
    0.07022271955980841,
    0.006351296879830937,
    0.0606506916361953,
    0.0655149692266015,
    0.058697724383177885,
    0.08013761309196799,
    0.06333786884234449,
    0.012900184426529293,
    0.010876934645142722,
    0.00152136908156697,
    0.00041164664446702304,
    0,
    0,
    0.010953135648173351,
    0.005388324014836243,
    0.01712173274759987,
    0,
    0.05092722455386767,
    0.043344041084511176,
    0.02489117221294368,
    0,
    0.03003885108560267,
    0.02411379872574937,
    0.008625038772649418,
    0.03255223963071652,
    0,
    0.06692685461371095,
    0.021777118782698057,
    0.0318840047436133,
    0.01725939033779378
  ],
  "score_func_name": "mutual_info_regression",
  "train_score": 0.2441470562122986,
  "test_score": 0.18398186843116782,
  "features_coef": [
    0.018286126028575767,
    -0.19060713186571993,
    -2.6240780106231423,
    0,
    3.5790787521558336,
    1.3813454113280754,
    3.5064050014634955,
    4.485365673109118,
    4.181610024775474,
    4.443784559932321,
    5.283385592086858,
    3.2305836247086326,
    1.537045919555753,
    0.9186923354839107,
    0.6430387615349643,
    0.3483500524349763,
    0.4958612422651071,
    0.7935953583079864,
    1.430829626823582,
    1.4034986707163764,
    0.8165097583056261,
    4.867582996052244,
    4.4986706940998635,
    4.208838300441174,
    3.6607166691035475,
    0.3603602727738194,
    -4.640578346715539,
    -0.6479373576071431,
    -6.165162173754767,
    0.1943954899343996,
    -4.655657739126288,
    -11.991912025442831,
    0.3118930197213406,
    -5.254896538582098
  ]
}