{"run_id": "fd1b23f44a354395b2c4d05f52cff8fe", "features_selected": ["user_uuid", "course_uuid", "particion", "activity_unlock_delta", "ass_name_label_INTEGRADOR_30_", "ass_name_label_PRIMER_PARCIAL_20_", "ass_name_label_SEGUNDO_PARCIAL_20_", "ass_name_label_API1_", "ass_name_label_API2_", "ass_name_label_API3_", "ass_name_label_API4_", "ass_name_label_ED4_", "ass_name_label_Evaluaci\u00f3n_diagn\u00f3stica_", "ass_name_label_M3_", "ass_name_label_OTHER_", "ass_name_label_TA1_", "ass_name_label_TP1_", "ass_name_label_TP2_", "ass_name_label_TP3_", "ass_name_label_TP4_", "ass_name_label_Trabajo_Pr\u00e1ctico_1_parte_2_", "submission_type_basic_lti_launch", "submission_type_discussion_topic", "submission_type_external_tool", "submission_type_media_recording", "submission_type_nombre_examen", "submission_type_online_quiz", "submission_type_online_text_entry", "submission_type_online_upload"], "features_scores": [0.15927164400486316, 0.0757164012923246, 0.046622000579773726, 0.027624269443762728, 0.012120877706056632, 0.05516048371792692, 0.06856144800990904, 0.04344512227518926, 0.07111503748579828, 0.08366621761264348, 0.0487724312708222, 0.015769190601218952, 0.0015856362755668485, 0.0025842619501412756, 0.015356075540652103, 0.027281623691382872, 0.04887031840596556, 0.06403299277261087, 0.02198388719235389, 0.04652794657048709, 0.025891322160843888, 0.0, 0.01333364475236154, 0.023219299826514828, 0.007953398859029459, 0.043798944797608375, 0.013893848459951563, 0.017917170414721184, 0.013980089990941913], "score_func_name": "mutual_info_regression", "train_score": 0.21223267655658729, "test_score": 0.23663172063469518, "features_coef": [-0.0, 0.0, -2.703332582235995, -0.006890852652396212, 1.5607671931485971, 3.2429643734804867, 3.2695183052692256, 4.085418321877453, 3.475324914925857, 4.0757611429855345, 4.576400710358046, 2.5913472778719084, 1.3772513471820407, 0.8727365699795576, 0.8016563937879255, 2.3291347250583883, 4.367384595001058, 3.8203011483693654, 4.026855675595826, 3.2784692408312086, 0.558840565775665, -4.185032003986041, -0.5674191997196468, -5.23942474830138, 0.18292881246021758, -4.209921497967844, -11.062372032979507, 0.3546948046240566, -5.084883893884188]}