{"run_id": "8eeb475c33ea40718652508c7b69adae", "features_selected": ["user_uuid", "course_uuid", "particion", "activity_unlock_delta", "ass_name_label_INTEGRADOR_30_", "ass_name_label_PRIMER_PARCIAL_20_", "ass_name_label_RECUPERATORIO_PRIMER_PARCIAL_20_", "ass_name_label_SEGUNDO_PARCIAL_20_", "ass_name_label_API1_", "ass_name_label_API2_", "ass_name_label_API3_", "ass_name_label_API4_", "ass_name_label_Evaluaci\u00f3n_diagn\u00f3stica_", "ass_name_label_M1_", "ass_name_label_M3_", "ass_name_label_M4_", "ass_name_label_OTHER_", "ass_name_label_TA1_", "ass_name_label_TA2_", "ass_name_label_TA3_", "ass_name_label_TP1_", "ass_name_label_TP2_", "ass_name_label_TP3_", "ass_name_label_TP4_", "ass_name_label_Trabajo_Pr\u00e1ctico_1_parte_2_", "submission_type_basic_lti_launch", "submission_type_discussion_topic", "submission_type_external_tool", "submission_type_media_recording", "submission_type_nombre_examen", "submission_type_online_quiz", "submission_type_online_text_entry", "submission_type_online_upload"], "features_scores": [0.1503699854096796, 0.05826277684636505, 0.03440996554843778, 0.03842401063221601, 0.03900703273850814, 0.05580153792833453, 0.014879882725696625, 0.07858832780911129, 0.07510619921316053, 0.058516338630274944, 0.05149719330822755, 0.0352673353178492, 0.011014985348784645, 0.006740276973885795, 0.005374806761577311, 0.017554423612327952, 0.0, 0.0013532118049739417, 0.0, 0.0, 0.01985139449548079, 0.06398167166904045, 0.0473075572712407, 0.024075497883671026, 0.0, 0.0010413272235583193, 0.004301699849911689, 0.02413973713774631, 0.014386940090219014, 0.08337866031486607, 0.0072491445296791746, 0.0035143418949186156, 0.004243433480095593], "score_func_name": "mutual_info_regression", "train_score": 0.20429934072417522, "test_score": 0.1922834785787748, "features_coef": [-0.0, 0.04768227481731252, -2.6524382507255733, -0.07244168139689026, 1.4440116527096765, 2.87094720003863, 1.5086142702067855, 3.0606206946805856, 3.707835703045641, 3.227090074544866, 3.737293569026821, 4.252555985599689, 1.2290522187906423, 0.7083139320486499, 0.6789506927426865, 0.21657488984072332, 0.633860986879594, 0.7262551353870201, 1.267602729596388, 0.7603978818779863, 4.188818983219726, 3.696978729652893, 3.6418064011189375, 2.9554733888334828, 0.38717362842499004, -3.757857928519692, -0.33283873110634005, -4.6833233801771925, 0.30652641084954024, -4.057390792714552, -9.926916544998674, 0.33387375000688896, -4.488695167005981]}