{"run_id": "7dc36dfe662243f9af73e57f856b324b", "features_selected": ["user_uuid", "course_uuid", "ass_name_label_SEGUNDO_PARCIAL_20_", "ass_name_label_API2_", "ass_name_label_API3_", "ass_name_label_API4_", "ass_name_label_TP2_", "submission_type_nombre_examen"], "features_scores": [0.16218618372594573, 0.06921822732550886, 0.06318760535267298, 0.09494227287413981, 0.06371136294246948, 0.05466409994252963, 0.06126681652164212, 0.07850705183743667], "score_func_name": "mutual_info_regression", "train_score": 0.053432724076027616, "test_score": 0.054105243700982575, "features_coef": [0.010280136719201399, 0.0838676081639955, 1.3893884587296303, 1.1342253258277117, 1.0298396842560409, 0.9653049704322668, 1.0944083661937147, -3.492494185640814]}