{"run_id": "01a0a3c034ae4bb5980447ae92f3dbc5", "features_selected": ["user_uuid", "course_uuid", "particion", "activity_unlock_delta", "ass_name_label_PRIMER_PARCIAL_20_", "ass_name_label_RECUPERATORIO_PRIMER_PARCIAL_20_", "ass_name_label_SEGUNDO_PARCIAL_20_", "ass_name_label_API1_", "ass_name_label_API2_", "ass_name_label_API3_", "ass_name_label_API4_", "ass_name_label_M3_", "ass_name_label_TP1_", "ass_name_label_TP2_", "ass_name_label_TP3_", "ass_name_label_TP4_", "submission_type_discussion_topic", "submission_type_external_tool", "submission_type_nombre_examen"], "features_scores": [0.16988726846978874, 0.05918475831799075, 0.04244842021143569, 0.031677273024772745, 0.044280845117448564, 0.021504129003438344, 0.05565901019590758, 0.09317134344189348, 0.07837516326364824, 0.07418802918438594, 0.06582246199263508, 0.023744926367994967, 0.042686705170599026, 0.07328135252685897, 0.02739286004996977, 0.030000807166912224, 0.02488198372990702, 0.03267581645638229, 0.06320297446083867], "score_func_name": "mutual_info_regression", "train_score": 0.1346018691991906, "test_score": 0.06891442080971144, "features_coef": [0.15387524213842724, 0.08763100424411385, -5.279972545354997, 0.0, 1.5291896062747659, 0.5546178164604068, 1.6069883239307894, 2.0045095395830113, 1.8056973422643763, 1.9243083313085751, 2.3689257810473667, 0.15916736185906263, 2.228609735569749, 1.856485935642551, 1.808696170084189, 1.5296166301315688, -0.58774336248048, -1.2404576700168313, -2.570574622238429]}