{"run_id": "2c5be3429fed4e26a5f8a7af2b9ec60d", "features_selected": ["user_uuid", "ass_name_label_API3_", "submission_type_nombre_examen"], "features_scores": [0.16665324186918795, 0.08120902031937494, 0.08429635905930644], "score_func_name": "mutual_info_regression", "train_score": 0.03643652476043713, "test_score": 0.004802640054447527, "features_coef": [0.2895617877446484, 1.5144479502695376, -3.0199177934628056]}