{"run_id": "612b03b476074be2a558236602140834", "features_selected": ["user_uuid", "course_uuid", "ass_name_label_SEGUNDO_PARCIAL_20_", "ass_name_label_API1_", "ass_name_label_API2_", "submission_type_nombre_examen"], "features_scores": [0.1592265195700131, 0.08674767568951935, 0.09166318498762749, 0.0786513279958303, 0.08422243769230064, 0.08508286842192092], "score_func_name": "mutual_info_regression", "train_score": 0.05081152130931421, "test_score": 0.009133311042503034, "features_coef": [0.2552100802717669, -0.004779688159997849, 1.5005041798850818, 1.0068202194482134, 1.325620618629936, -3.364869440852627]}