{"run_id": "c6be2c924f064a3cbb4e92a8146bccba", "features_selected": ["user_uuid", "course_uuid", "particion", "activity_unlock_delta", "ass_name_label_INTEGRADOR_30_", "ass_name_label_PRIMER_PARCIAL_20_", "ass_name_label_SEGUNDO_PARCIAL_20_", "ass_name_label_API1_", "ass_name_label_API2_", "ass_name_label_API3_", "ass_name_label_API4_", "ass_name_label_Evaluaci\u00f3n_diagn\u00f3stica_", "ass_name_label_TP2_", "ass_name_label_TP3_", "ass_name_label_TP4_", "submission_type_external_tool", "submission_type_nombre_examen"], "features_scores": [0.1645948681343965, 0.06884286302624076, 0.029811590692675694, 0.03033264664250268, 0.04194009554384248, 0.06910089436182698, 0.08286668304749956, 0.05322436359279692, 0.08292629472554314, 0.04551721101488937, 0.06801931284773044, 0.02374634141601817, 0.07978297791008071, 0.04651516707787806, 0.03674636856796365, 0.05160924094472641, 0.08017353221081924], "score_func_name": "mutual_info_regression", "train_score": 0.11151923438735212, "test_score": 0.11327454976215601, "features_coef": [0.07412113912160313, 0.0367674495851684, -4.609536161303731, -0.1113223893989529, 0.44676962470976694, 1.4593721725891993, 1.4130631952579356, 1.8862064519629416, 1.3756557490554757, 1.5045614854097966, 1.8356975065204755, 0.7175292490100517, 2.0053115101557495, 1.9258073894706367, 1.4680974327087035, -0.9298733366770223, -2.4643495520684353]}