{"run_id": "b55d4b27841a486fa378acf324314885", "features_selected": ["user_uuid", "course_uuid", "particion", "activity_unlock_delta", "ass_name_label_INTEGRADOR_30_", "ass_name_label_PRIMER_PARCIAL_20_", "ass_name_label_RECUPERATORIO_PRIMER_PARCIAL_20_", "ass_name_label_SEGUNDO_PARCIAL_20_", "ass_name_label_API1_", "ass_name_label_API2_", "ass_name_label_API3_", "ass_name_label_API4_", "ass_name_label_M2_", "ass_name_label_TA3_", "ass_name_label_TP1_", "ass_name_label_TP2_", "ass_name_label_TP3_", "ass_name_label_TP4_", "ass_name_label_Trabajo_Pr\u00e1ctico_1_parte_2_", "submission_type_basic_lti_launch", "submission_type_external_tool", "submission_type_nombre_examen", "submission_type_online_text_entry", "submission_type_online_upload"], "features_scores": [0.1587714730132035, 0.07565770747476108, 0.03410964389385196, 0.030491228275184135, 0.021964850964678817, 0.047417008610986855, 0.028885600366503006, 0.07081615295281196, 0.07671248827652466, 0.060050822270537374, 0.05828992664836452, 0.062394669238846845, 0.0015411559124109964, 0.022263902608310016, 0.03797882398913632, 0.08103135355855162, 0.032169266334756585, 0.04054144429867179, 0.01721200309682036, 0.05507549132551626, 0.03960669362590119, 0.06387838920888544, 0.0, 0.0025674621370166406], "score_func_name": "mutual_info_regression", "train_score": 0.129448791912125, "test_score": 0.15399780475309155, "features_coef": [0.0, 0.036917888052436516, -5.19681790618144, -0.42888741531396346, 0.5294561338735505, 1.5177849909742211, 0.7865242565590618, 1.5410965159076435, 2.068240835300756, 1.5222663154006637, 1.7798292081848004, 2.151473654995466, 0.25521133034809834, 0.8752939428637727, 1.8561643076932133, 1.9218085112488996, 1.9192652703296424, 1.6158999208023341, 0.12155922407241132, -0.2292736917183234, -1.2353559765033197, -2.27538990096449, 0.6644619014259071, 0.0]}