{"run_id": "b55238600abd411c840382c9242d3b68", "features_selected": ["user_uuid", "course_uuid", "particion", "activity_unlock_delta", "ass_name_label_PRIMER_PARCIAL_20_", "ass_name_label_RECUPERATORIO_PRIMER_PARCIAL_20_", "ass_name_label_RECUPERATORIO_SEGUNDO_PARCIAL_20_", "ass_name_label_SEGUNDO_PARCIAL_20_", "ass_name_label_API1_", "ass_name_label_API2_", "ass_name_label_API3_", "ass_name_label_API4_", "ass_name_label_M2_", "ass_name_label_M3_", "ass_name_label_OTHER_", "ass_name_label_TA1_", "ass_name_label_TA2_", "ass_name_label_TA3_", "ass_name_label_TP1_", "ass_name_label_TP2_", "ass_name_label_TP3_", "ass_name_label_TP4_", "ass_name_label_Trabajo_Pr\u00e1ctico_1_parte_2_", "submission_type_basic_lti_launch", "submission_type_discussion_topic", "submission_type_external_tool", "submission_type_media_recording", "submission_type_nombre_examen", "submission_type_online_quiz", "submission_type_online_text_entry", "submission_type_online_upload"], "features_scores": [0.1579589409813602, 0.07079336936607383, 0.04873121709579209, 0.026240329091890224, 0.05638187772711678, 0.012408678581952604, 0.009511993677432606, 0.07630252380396119, 0.07820659977382505, 0.06031370771133382, 0.06836014337996321, 0.07541337976408435, 0.015109287552021566, 0.015474643271470523, 0.0, 0.008798102369843797, 0.0, 0.0, 0.028752135682964308, 0.06639001792266885, 0.034726210064332186, 0.04065667439152332, 0.006755644059333488, 0.026425394166587957, 0.0, 0.04487922943422751, 0.0, 0.09689427105019988, 0.0459937659273395, 0.020204772991315956, 0.0], "score_func_name": "mutual_info_regression", "train_score": 0.18454272355471169, "test_score": 0.18881878279540998, "features_coef": [0.0, -0.03725028934140901, -2.4433334828044755, -0.15115425486590486, 2.5879133040564883, 1.283693417257262, 0.5574479349088867, 2.654462694824999, 3.491658547750401, 2.8603488679237, 3.063651181888483, 3.7881580489622104, 0.6911731049057255, 0.4790503374278597, 0.5951049443056227, 1.0306780631953154, 1.1574246086153723, 0.4699363867328697, 3.574833488320527, 3.5029647585816135, 3.2293424219560847, 2.8726871518873014, 0.24683550947956248, -3.1539389716243726, -0.530239873137186, -4.031554375083405, 0.2761247865879107, -3.827666905652043, -8.753905103263351, 0.5205114657690167, -3.6803728409245138]}