{"run_id": "1e073db6070641778e00aba5e476448b", "features_selected": ["user_uuid", "course_uuid", "ass_name_label_INTEGRADOR_30_", "ass_name_label_PRIMER_PARCIAL_20_", "ass_name_label_SEGUNDO_PARCIAL_20_", "ass_name_label_API1_", "ass_name_label_API2_", "ass_name_label_API3_", "ass_name_label_API4_", "ass_name_label_TP1_", "ass_name_label_TP2_", "ass_name_label_TP3_", "submission_type_nombre_examen"], "features_scores": [0.16070515308201383, 0.090044578464334, 0.04019736902307436, 0.052545831709374546, 0.0636189842011321, 0.08477755110296048, 0.09179398345638745, 0.043270769036081624, 0.05161300278435288, 0.03668877440329066, 0.09235701805725505, 0.06262917141091684, 0.05131232652272777], "score_func_name": "mutual_info_regression", "train_score": 0.06669055560131243, "test_score": 0.08986779420582536, "features_coef": [0.06993944246650918, 0.0, 0.1276089688636883, 0.7812449647417438, 0.911865949664618, 1.0332327055120492, 0.7618612836759484, 0.8627240621296074, 1.0103108137432848, 0.7212431562035438, 0.8949724852710071, 1.239158236484662, -3.938516029254549]}