{"run_id": "b821fce2b5744715b69222ed0b8bc0fe", "features_selected": ["user_uuid", "course_uuid", "particion", "activity_unlock_delta", "ass_name_label_INTEGRADOR_30_", "ass_name_label_PRIMER_PARCIAL_20_", "ass_name_label_SEGUNDO_PARCIAL_20_", "ass_name_label_API1_", "ass_name_label_API2_", "ass_name_label_API3_", "ass_name_label_API4_", "ass_name_label_Evaluaci\u00f3n_diagn\u00f3stica_", "ass_name_label_TA1_", "ass_name_label_TA3_", "ass_name_label_TP1_", "ass_name_label_TP2_", "ass_name_label_TP3_", "ass_name_label_TP4_", "ass_name_label_Trabajo_Pr\u00e1ctico_1_parte_2_", "submission_type_external_tool", "submission_type_nombre_examen"], "features_scores": [0.15298210248872657, 0.07749679180808133, 0.03527906982887519, 0.019868832779470935, 0.02466727537611435, 0.02611519430184117, 0.03686516898553904, 0.05781807209728207, 0.09339073275956711, 0.06617749735227463, 0.07972951770589987, 0.047944671151128215, 0.016611599361020524, 0.019035696202123198, 0.0434964457727407, 0.06094763401714243, 0.06253966595530613, 0.025685072332877645, 0.017916758185352766, 0.04252279693306393, 0.07123448212593075], "score_func_name": "mutual_info_regression", "train_score": 0.1285865195169248, "test_score": 0.1571015803697844, "features_coef": [0.0, 0.08323857525699037, -5.4271797539829425, -0.29148930705050075, 0.4465428029259811, 1.5777149677361983, 1.5685858154815393, 2.0188875159268487, 1.5292121681896182, 1.8273853282225523, 2.1798102591823536, 0.78840584646739, 0.7951394950736529, 0.32195555313209856, 1.9089569911217088, 1.9698290981393705, 1.9540622702869617, 1.6375140663361016, 0.2221337741940055, -1.271050586009303, -2.426252562162045]}