{
  "run_id": "d0fb7780dd5048a68140d45d6e59313e",
  "features_selected": [
    "user_uuid",
    "course_uuid",
    "particion",
    "activity_unlock_delta",
    "ass_name_label_INTEGRADOR_30_",
    "ass_name_label_PRIMER_PARCIAL_20_",
    "ass_name_label_RECUPERATORIO_PRIMER_PARCIAL_20_",
    "ass_name_label_SEGUNDO_PARCIAL_20_",
    "ass_name_label_API1_",
    "ass_name_label_API2_",
    "ass_name_label_API3_",
    "ass_name_label_API4_",
    "ass_name_label_ED4_",
    "ass_name_label_Evaluación_diagnóstica_",
    "ass_name_label_M2_",
    "ass_name_label_M3_",
    "ass_name_label_M4_",
    "ass_name_label_OTHER_",
    "ass_name_label_TA1_",
    "ass_name_label_TA2_",
    "ass_name_label_TA3_",
    "ass_name_label_TP1_",
    "ass_name_label_TP2_",
    "ass_name_label_TP3_",
    "ass_name_label_TP4_",
    "ass_name_label_Trabajo_Práctico_1_parte_2_",
    "submission_type_basic_lti_launch",
    "submission_type_discussion_topic",
    "submission_type_external_tool",
    "submission_type_media_recording",
    "submission_type_nombre_examen",
    "submission_type_online_quiz",
    "submission_type_online_text_entry",
    "submission_type_online_upload"
  ],
  "features_scores": [
    0.1544556202204257,
    0.0731800096558386,
    0.045797809415555335,
    0.02641595425908072,
    0.023209849411462535,
    0.06589566546012193,
    0.012950767854846834,
    0.044040383444643005,
    0.05698705283204841,
    0.06625975908206794,
    0.07390294345076764,
    0.0631070298283749,
    0.0191483934105392,
    0.0008535973619796522,
    0,
    0.0013299319085238182,
    0,
    0,
    0.022489847835119647,
    0,
    0,
    0.07129030421147498,
    0.0918028872201404,
    0.042341658398999726,
    0.018011259180325645,
    0.007314775866161138,
    0.02789204459556549,
    0,
    0.03276404985718484,
    0.0032394315297756826,
    0.060646295866202404,
    0.005718378779820288,
    0,
    0
  ],
  "score_func_name": "mutual_info_regression",
  "train_score": 0.24803576517781856,
  "test_score": 0.25352819043497055,
  "features_coef": [
    0,
    -0.1587198275685413,
    -2.155771831216065,
    -0.08260280587394878,
    1.7492145785325632,
    3.930753527389109,
    1.7156926596048832,
    3.711237562242294,
    4.785097729316196,
    4.1898396129066375,
    4.477179897184583,
    5.335277712353999,
    3.5072218458183033,
    1.6691112160277,
    0.7962425243681176,
    0.546584827253696,
    0.36286109252693616,
    0.9791958509341111,
    1.3421178402379919,
    1.5310834229309729,
    0.7898337346321624,
    4.867238260774082,
    4.754788690538455,
    4.657208091108759,
    4.092171153013167,
    0.44690809619855737,
    -5.409414851018947,
    -0.8572499294596021,
    -6.827634788168889,
    0.23698463143099566,
    -4.754999659534928,
    -14.419210350849616,
    0.2719352348751144,
    -6.423876488800924
  ]
}