{"run_id": "02220efbb19e442d819ccbbb942a56ac", "features_selected": ["user_uuid", "ass_name_label_API2_", "ass_name_label_API4_", "ass_name_label_TP2_", "submission_type_nombre_examen"], "features_scores": [0.1606381717986478, 0.09380556243159965, 0.0757402515757768, 0.08836640349493763, 0.09276793696582208], "score_func_name": "mutual_info_regression", "train_score": 0.04121657341111906, "test_score": 0.056545369433305015, "features_coef": [0.13334510787315298, 1.3506740311019119, 1.0612139903072562, 1.178367388090331, -3.218277771955646]}